date,note,correct,Direct answer,Direct correct,Chain of Thought answer,Chain of Thought correct,CoT math right,CoT math checked,CoT fact right,CoT fact checked,CoT choice right,CoT choice checked,Chain of Code answer,Chain of Code correct,CoC birthdays right,CoC birthdays checked
1950-03-25,random,Ada Lovelace,Marie Curie,0,Marie Curie,0,0,4,2,2,0,2,Ada Lovelace,1,10,10
1959-03-19,random,Nikola Tesla,Marie Curie,0,Marie Curie,0,0,5,2,2,0,2,Nikola Tesla,1,10,10
1960-09-09,random,Stephen Hawking,Marie Curie,0,Marie Curie,0,1,5,2,2,0,2,Stephen Hawking,1,10,10
1970-01-14,random,Carl Friedrich Gauss,Marie Curie,0,Marie Curie,0,1,5,2,2,0,2,Carl Friedrich Gauss,1,10,10
1971-07-15,random,Marie Curie,Marie Curie,1,Marie Curie,1,1,5,2,2,0,2,Marie Curie,1,10,10
1978-09-02,random,Carl Friedrich Gauss,Marie Curie,0,Marie Curie,0,0,2,0,0,0,0,Carl Friedrich Gauss,1,10,10
1987-09-30,random,Stephen Hawking,Marie Curie,0,Marie Curie,0,0,2,0,0,0,0,Stephen Hawking,1,10,10
1989-08-01,random,Frederick Banting,Marie Curie,0,Marie Curie,0,2,5,2,2,0,2,Frederick Banting,1,10,10
1994-01-20,random,Carl Friedrich Gauss,Marie Curie,0,Marie Curie,0,0,2,0,0,0,0,Carl Friedrich Gauss,1,10,10
1995-02-05,random,Alan Turing,Marie Curie,0,Marie Curie,0,1,3,0,0,0,0,Alan Turing,1,10,10
1995-12-07,random,Carl Friedrich Gauss,Marie Curie,0,Marie Curie,0,0,4,2,2,0,2,Carl Friedrich Gauss,1,10,10
1999-02-28,random,Frederick Banting,Marie Curie,0,Marie Curie,0,1,5,2,2,0,2,Frederick Banting,1,10,10
1999-12-12,random,Ernest Rutherford,Marie Curie,0,Marie Curie,0,0,4,2,2,0,2,Ernest Rutherford,1,10,10
2001-05-19,random,Ernest Rutherford,Marie Curie,0,Marie Curie,0,1,5,2,2,0,2,Ernest Rutherford,1,10,10
2002-08-20,random,Carl Friedrich Gauss / Ada Lovelace,Marie Curie,0,Marie Curie,0,0,4,2,2,0,2,Carl Friedrich Gauss,1,10,10
2003-12-09,random,Ernest Rutherford,Marie Curie,0,Marie Curie,0,0,2,0,0,0,0,Ernest Rutherford,1,10,10
2005-10-09,random,Alan Turing,Marie Curie,0,Marie Curie,0,0,2,0,0,0,0,Alan Turing,1,10,10
2008-01-31,random,Alan Turing,Marie Curie,0,Marie Curie,0,0,2,0,0,0,0,Alan Turing,1,10,10
2015-07-26,random,Marie Curie,Marie Curie,1,Marie Curie,1,0,4,2,2,0,2,Marie Curie,1,10,10
2017-05-28,random,Charles Darwin,Marie Curie,0,Marie Curie,0,0,5,2,2,0,2,Charles Darwin,1,10,10
2018-12-09,random,Ernest Rutherford,Marie Curie,0,Marie Curie,0,0,2,0,0,0,0,Ernest Rutherford,1,10,10
2019-05-21,random,Ernest Rutherford,Marie Curie,0,Marie Curie,0,0,4,2,2,0,2,Ernest Rutherford,1,10,10
2019-09-12,random,Stephen Hawking,Marie Curie,0,Marie Curie,0,0,5,2,2,0,2,Stephen Hawking,1,10,10
2020-04-22,random,Stephen Hawking,Marie Curie,0,Marie Curie,0,0,4,2,2,0,2,Stephen Hawking,1,10,10
2025-08-11,random,Carl Friedrich Gauss,Marie Curie,0,Marie Curie,0,0,4,2,2,0,2,Carl Friedrich Gauss,1,10,10
2027-03-12,random,Alan Turing,Marie Curie,0,Marie Curie,0,0,4,2,2,0,2,Alan Turing,1,10,10
2029-05-11,random,Ernest Rutherford,Marie Curie,0,Marie Curie,0,1,5,2,2,0,2,Ernest Rutherford,1,10,10
2030-04-29,random,Stephen Hawking,Marie Curie,0,Marie Curie,0,0,5,2,2,0,2,Stephen Hawking,1,10,10
2035-05-26,random,Charles Darwin,Marie Curie,0,Marie Curie,0,0,4,2,2,0,2,Charles Darwin,1,10,10
2035-07-18,random,Marie Curie,Marie Curie,1,Marie Curie,1,1,5,2,2,0,2,Marie Curie,1,10,10
